p_UserName,p_Password
e03ef969ce4bab1dc03eb88bfcdfa1c4-PERF,Perf01Password
3150e5f8fcf596b74f5ac83572d0adb5-PERF,Perf01Password
bc6976dfa709b910892a11d83a10b5da-PERF,Password@1111
9cbd27fddd35448240dd56b6dbc737b9-PERF,Perf01Password
5c2ffaba4802741c61db675af58fde1f-PERF,Password@1111
1a87f50d2f968336479d9a6763a6bf58-PERF,Password@1111
88f7c7b19e2d0743d5b4ffef1a224465-PERF,Password@1111
b056d5e0bf3c49ec7112896fadba3b3e-PERF,Password@1111
b929151b0cfee6b95e789c8d5502ce45-PERF,Password@1111
5c1b183438e893bba8328570c185f382-PERF,Password@1111
3a4657870a7219c5d43977bc414b420b-PERF,Password@1111
3e2b0d219412ae72e1fa88b4089b2ed0-PERF,Password@1111
6cc908326520ed0ca8d7863083fd5f8c-PERF,Password@1111
51a16edb321631cb30535f9a02e9a62a-PERF,Password@1111
44f848b4b3519b915465f5e624b34b91-PERF,Password@1111
c21ee60e54ae4c33bd878086c0a9696f-PERF,Password@1111
461c058132acccbbeddc8def4e3263cd-PERF,Password@1111
1ed20e2541684374672c28bdd729623d-PERF,Password@1111
9f905616fe0d93f994186dbf5131236b-PERF,Password@1111
d87d772e5c748e9aadf8ab9b28ea2acf-PERF,Password@1111
263646ad5aeefb938f35670d47f9f701-PERF,Password@1111
c68c34a710b186f64d271e6c67b4d6d2-PERF@es.cloudfactory.com,Password@1111
a9de5de8abeb324174c4417673db076f-PERF,Password@1111
465c9713c5f5b42c68457aabe0e1088b-PERF,Password@1111
c144a0de62d925bd8db7f61b19d8062f-PERF@es.cloudfactory.com,Password@1111
899686e04ef0b39c02c8a92e353406ad-PERF@cloudfactory.com,Password@1111
9ca8998ca2de587f404cb22547d82fb8-PERF@es.cloudfactory.com,Password@1111
422e3e568dd25f9e38d316182882862f-PERF@es.cloudfactory.com,Password@1111
5a03c8c189bbc5d752907aae1933c0a4-PERF@es.cloudfactory.com,Password@1111
468af3deaca284190fd295e0057ee68d-PERF@es.cloudfactory.com,Password@1111
e354087f1d7ba8ff15861fcb8fddc1b0-PERF@avidsupport.com,Password@1111
0d287f9c560b59c384187e99a7684618-PERF@es.cloudfactory.com,Password@1111
8672c7a148dc1bd5c5d23025b0403bc1-PERF@hotmail.com,Password@1111
dbe9b18aaed331d57120b8af9c73640d-PERF@es.cloudfactory.com,Password@1111
73c232d1669e588f6e2e8b2969b6345f-PERF,Password@1111
62eece788cf0be0ae18dcf4fd8f60b1d-PERF,Password@1111
0654d94ec11d768d93e4666826bbf9ec-PERF,Password@1111
5c6d709fb46cd09b1d4713de1e6d0104-PERF,Password@1111
d370f70cae4a890e3d5af991df05d897-PERF,Password@1111
06d6fb4573a5bd18e035d8b34b76fa20-PERF,Password@1111
f5ee4c36dac318e45761d65356716ce0-PERF,Password@1111
e6e6314fa9607860fbe3c0c48ecb0424-PERF@ttec.com,Password@1111
db7e2655cebd8f30fa7c67f7d16fd5f8-PERF@ttec.com,Password@1111
d1bf56717676b28b710b16ec13eb8f5f-PERF@ttec.com,Password@1111
dc9651c7401fcd6f328e0684422e91e9-PERF@ttec.com,Password@1111
763d7ea7543995a6c6fecc4f1aae3a0d-PERF@ttec.com,Password@1111
ba05eafd864b3d0e5a89518b6e0afec1-PERF@ttec.com_inactive,Password@1111
8bc934c5defdd4a9bdf96134cc59f205-PERF@ttec.com_terminated,Password@1111
30a1d318d9663ebd03981bc80acd5ca9-PERF@ttec.com,Password@1111
ab922273a277df26327b013a96747095-PERF@avidxchnage.com,Password@1111
99e05f951ce9debf0aa463a0c4474908-PERF,Password@1111
b7947f61ad72c65440e10f01c8154f13-PERF,Password@1111
454e0c5d805daf0d50f8e6ce238abe19-PERF,Password@1111
5c92424db8c32662be5ed04d7e05a12b-PERF,Password@1111
0d1cbadeca5c54b5b1efe143b2158383-PERF@avidxchanage.com,Password@1111
bc0d5abdb4dda67c8fd9ac7bf7d1ef1a-PERF@ttec.com,Password@1111
4d7f58cb2894e06eaf792d5099bfa54b-PERF,Password@1111
efd3b84c9db64ea12c4f66cec97e6b75-PERF,Password@1111
a25300c6eb6ee5d6dbe103d568204111-PERF,Password@1111
556f85730d529c4fbfbf920101270132-PERF,Password@1111
83892f78ce0dd41a6edaf5bcdf82efd1-PERF@gmail.com_inactive,Password@1111
e16a9ef03535d4d12d5e19b60e5d58e4-PERF@students.spcc.edu,Password@1111
222d440f36615706bb6bd2433da9aded-PERF@avidsupport.com,Password@1111
da37233ad3d82f70c8b5916924da63c7-PERF@gmail.com,Password@1111
57aff9e8f6282138e9601c0952443e24-PERF,Password@1111
1f2cf2f8e22d730cf87d1688100ad51f-PERF,Password@1111
1db19dfea9577f2fef39d46e67f77acc-PERF,Password@1111
7fa3d5bc48a478f9593cf09c86896a54-PERF,Password@1111
3a7076b4a87a4fe1dd5abf8b083375aa-PERF,Password@1111
4672cc00922f3326a0cb0ce82af15fa5-PERF,Password@1111
e4e64ce39efbdd17a40db70fd16a7a26-PERF,Password@1111
ae79f21ed190cdea352f5056b1ad3cc8-PERF,Password@1111
99d1ea5a4572de3041b9e0e558a5a31d-PERF,Password@1111
cd7f55e891a608abd46a47cce3598ed6-PERF,Password@1111
b5283b8419004616587282512e5b3f70-PERF,Password@1111
1517e0a076b5da752b62a30e017a85d9-PERF,Password@1111
8ad43f770d2049ce69cc530cd4c6b7b3-PERF,Password@1111
b7d1053bb3b2c61ff83a68247a86f009-PERF,Password@1111
d3584519ee36dbfc259a27d3e2cbc050-PERF,Password@1111
82fa0fd736f3fab176290a6fdf1f3ba1-PERF,Password@1111
7f2a97b2fb9c276d57704034664734e2-PERF,Password@1111
9ef24ac9c30ed6b662e9b82dfc21a441-PERF@avidbill.com,Password@1111
913ff3f2a4915071ebc3a70a09d8767f-PERF,Perf01Password
70f7d04eb2441c4681f99a3795eb3d66-PERF,Perf01Password
3a86178a2143285adc5cfa4772021b72-PERF,Perf01Password
e03ef969ce4bab1dc03eb88bfcdfa1c4-PERF,Perf01Password
a3c3e0b424fb2a264be07565cef918f4-PERF,Perf01Password
d341cf0a69224c4e7e1151e10db4019a-PERF,Password@1111
