p_BuyerID,p_BuyerName
25,"Avidxchange\, Inc"
54,Crown Realty and Development
153,"Rowley Properties\, Inc."
139892,CRG Management
176376,Pacific Union
1331088,Golub & Company
1477938,True Community Credit Union
1501586,Harbor East
1506593,"Solstice Residential Group\, LLC"
1592362,Ashley Management
1722103,Lighthouse Academies of Arkansas in Pine Bluff
1736283,Markley Group
1737557,Bonnie Management
1745235,Real Capital Solutions
1750410,Nat Dev Assoc of N.E.
1765618,Anchor Health Properties
1778980,Bixby Land Company
1783144,Chevy Chase Land Company
1783755,Whitesell Construction Company
1800278,Falcon Waterfree Technologies
1801301,"Matan Companies\, LLLP"
1820873,Waste Resource Management
1842734,Arq Coal Technologies
1857389,Lynx Property Services
1860266,Capital City Lighthouse Charter School
1866299,Edifis Group
1883219,SIA Tech
1890066,Project Community Connections Inc.
1905713,Visioneering
1927731,Union Property Capital Inc
1939517,NewStore
1942777,Designs for Health Inc.
1947100,Jackson-Shaw Company
1954651,"Alpha Phi Alpha Homes\, Inc."
1954771,Research Triangle Foundation
1957250,BSA LifeStructures Inc.
1961636,Magnolia Rentals
1961712,Kriegman & Smith Inc.
1968438,Market Street Management
1969753,Century Management Services
1969897,Creative Drive
1971723,MRI Software
1979936,Mainstreet Development
2003341,Leiter Property Management
2005366,Hannay Realty Advisors
2006671,Dean & DeWitt Property Management
2016894,Pacific Retail Capital Partners
2023162,"Boccardo Management Group\, LLC"
2030463,CWS Apartment Homes
2035590,"M D Atkinson Company\, Inc"
2040553,Longpoint Property Group LLC
2051606,Levine Properties Inc.
2053313,Blue Sky
2060798,Walton Street Capital Mexico
2064420,Northern Nevada Community Housing
2071591,"Cascade Management\, Inc. "
2081499,Ricore Investment Management LLC
2104943,Newmark Grubb Acres
2105763,Jeanne D'Arc Credit Union
2107140,Sunrise Management & Consulting
2107237,Dogwood Management
2107404,Broadhouse Management Group
2123264,New Bedford Management Corp
2136731,Greenlaw
2138423,Maverick Label
2155720,"Meadows & Ohly\, LLC"
2176632,"Sesen Bio\, Inc."
2178020,Parrish Tire Company
2186234,Lang-Nelson Associates Inc
2195895,Avetta
2211848,Allstate Realty Associates
2213714,Provence Real Estate
2221555,Greenwald Company
2226867,"Insite Wireless Group\, LLC"
2227411,ARK Group
2228527,Hendrick Automotive
2245680,KPR
2254771,Urban Visions
2261523,Parker Integrity
2269852,Hathaway Construction Services Inc.
2277048,Anthos Properties
2284990,Cove Communities
2289900,HB Nitkin Group
2308140,Schnitzer West
2326355,Veritas Property Management
2352341,Tradingscreen Inc.
2354194,A Street Partners
2402712,PrimeFlight Aviation Services
2404330,"Crownpeak Technology\, Inc."
2405311,Vector Media
2406658,Mi Casa Resource Center
2407821,Top Quality Management 
2415421,Prime Group Holdings LLC
2421911,CVE Master Management Co. Inc
2422627,MPV Properties
2423402,"GMH Associates\, Inc"
2426173,Wilson Meany LP
2433948,Kenwood Management
2435543,The Rosemyr Corporation
2441888,"MedEdNow\, LLC"
2447371,Stephen Wise Free Synagogue
2456134,All County Boulder / Fort Collins
2466696,"Massa Financial Solutions\, LLC"
2469237,NorthPark
2526947,"C+C Apartment Management\, LLC"
2535623,"Fuller Realty Advisors\, LTD"
2547951,"JZReynolds\, LLC"
2588527,Skyline Seven Real Estate
2590605,Toporovsky Realty Group
2591797,Chartwell Escrow
2623949,Crescent Capital Group
2624342,BeaconCrest Homes
2633079,National Housing Trust
2635309,Cabrio Properties
2638565,"Sobo Management\, Inc"
2652267,R4 Capital LLC
2655419,J Wasser & Co
2668411,Foremost Locations
2669166,Mollys Spirits
2678685,Global Pacific Properties Inc
2692214,Joshua Goldsmith's Test Portal
2693202,Eagle Crest Property Management
2698320,Newburger-Andes & Co.
2709759,WEB Properties Inc.
2713355,Crosbie Management Services
2716726,Nebraska Indian Community College
2725315,SRSA Gulf South Management
2741863,Korman Commercial Properties
2745477,IA Management LLC
2748124,Karina Mariotti Test Portal
2752795,Streamline Solutions
2755337,Walker Malloy & Company
2781879,Alpha Management Group
2794025,Rogers Management
2801526,Harris & Harris
2802622,The Peebles Corporation
2806159,EVCO
2809936,MeridianLink
2810549,Encore Rehab Services
2815295,Progressive Management of NY
2825625,Ashley Orosco Test Portal
2828086,Columbia Hospitality Management
2834627,"Robert F. Knight & Associates\, LLC"
2842562,"Mark Development\, Inc."
2842741,ABN STF TRAINING
2885248,Kayla Cole Test Portal
2885249,Jess Barnes Test Portal
2906645,Eagle Canyon Management LLC
2908043,"rEvolution Marketing\, LLC "
2912268,JEMB Realty Group
2920566,Greystone Management Corp
2921340,Pacific Bells Corporation
2925748,Maven
2932590,ABH
2949393,Dal Global Services DBA Unifi
2955136,Goodwin Partners
2960693,StayCal Hospitality
2961143,Norwood Bank
2972487,Biynah Industrial Partners
2977363,Mountainwood Homes
2980612,Key Constructors
3006801,Reunion Resort and Golf Course
3039932,"Trubild\, llc"
3059176,SJG Properties
3061299,5T Management
3068794,CandyCo
3071886,Lewiston Housing
3077198,Rule79
3077294,East LA Community Corporation
3093935,Martin Smith Inc
3094984,Benchmark Real Estate Group
3095732,Ancora
3096707,EPI
3103115,General Services Corporation
3106224,"Massachusetts Interlocal Insurance Association\, Inc."
3122167,Laurel Hill Center
3149152,Z Asset Management Corp.
3157451,Cellular Plus
3157459,Freeosk Inc
3164035,RedTree Partners LP
3165943,Imperial Properties
3177619,Cardinal Development
3193038,Acelero Learning
3213488,Housing Authority of the City of Kinston
3239812,"William E Buchan\, Inc"
3242163,Watson Land Company
3267023,Damianos Realty Group LLC
3275103,Bender JCC Payables
3276167,California Skin Institute
3276812,LPZ Management
3285319,Freedom Management Company
3293708,Morganton Management
3293860,Girl Scouts of Greater Atlanta
3307400,Northwest Real Estate Capital Corp. 
3307884,Planned Parenthood Pasadena & San Gabriel Valley
3308425,Pacific Trust Company L.L.C.
3309170,Buffalo Supply Inc
3311283,InMotion Property Management
3316463,Bindings Corporation
3319738,Orr Partners
3320617,Highland Ventures LTD
3329765,Real Property Management Georgia
3346829,Nuasin Next Generation Charter School
3350915,YWCA Minneapolis
3445013,Bridger Bowl Ski Area
3464812,"Schroeder Management Company\, Inc."
3508973,IHS Management Consultants
3509231,Warland Investments
3662800,Clemens Capital Partners
3666536,"5757 Wilshire\, LLC"
3667671,312/TMC
3670709,Urban Resource
3675903,Ross School
3688408,Leslee Shaffer Test Portal
